gray@cogilith.biz,George,Ray,1
manderson@skyndu.net,Mary,Anderson,2
polson@avaveo.gov,Paula,Olson,3
srivera@jayo.edu,Shirley,Rivera,4
twilliamson@yodoo.com,Timothy,Williamson,5
lday@tazzy.gov,Lillian,Day,6
wpayne@linkbridge.biz,Willie,Payne,7
ehenderson@avamba.name,Evelyn,Henderson,8
jcastillo@zoomdog.mil,Julie,Castillo,9
mwillis@voomm.name,Martin,Willis,10
jstephens@mycat.edu,Julia,Stephens,11
nrice@podcat.gov,Nicole,Rice,12
tarmstrong@jetwire.edu,Tammy,Armstrong,13
sray@bubblemix.info,Sandra,Ray,14
adavis@topiclounge.gov,Annie,Davis,15
jstephens@mynte.com,Jennifer,Stephens,16
jhernandez@roomm.name,Janice,Hernandez,17
cgilbert@browsedrive.org,Carl,Gilbert,18
lmendoza@thoughtblab.info,Lois,Mendoza,19
wevans@riffwire.gov,Willie,Evans,20
lvasquez@oozz.biz,Louise,Vasquez,21
hrobinson@zoovu.gov,Heather,Robinson,22
jmason@wikibox.gov,Jason,Mason,23
speterson@eayo.org,Stephen,Peterson,24
mpayne@kwilith.biz,Matthew,Payne,25
mhill@oloo.edu,Matthew,Hill,26
ataylor@meedoo.edu,Anthony,Taylor,27
sarmstrong@dabfeed.gov,Sharon,Armstrong,28
lmartin@podcat.org,Louis,Martin,29
jsullivan@yambee.net,Joe,Sullivan,30
lgordon@avamba.net,Lisa,Gordon,31
awagner@livetube.edu,Andrew,Wagner,32
brussell@twitterbeat.net,Barbara,Russell,33
jwood@trilith.gov,Jacqueline,Wood,34
rperkins@centidel.info,Robin,Perkins,35
gelliott@pixonyx.mil,George,Elliott,36
cgriffin@meeveo.gov,Cheryl,Griffin,37
kalvarez@wordify.name,Keith,Alvarez,38
rhansen@realbuzz.mil,Ralph,Hansen,39
smorgan@latz.net,Sarah,Morgan,40
cnichols@rhynyx.org,Christina,Nichols,41
smendoza@tavu.gov,Steven,Mendoza,42
jfowler@fivespan.net,Jennifer,Fowler,43
rmorris@muxo.mil,Robin,Morris,44
dstanley@thoughtbridge.com,Dennis,Stanley,45
rturner@mybuzz.biz,Robin,Turner,46
rfreeman@vipe.gov,Russell,Freeman,47
hreid@oyondu.name,Henry,Reid,48
lmoreno@eazzy.edu,Linda,Moreno,49
aruiz@blogtag.edu,Ann,Ruiz,50
aowens@twitterwire.name,Annie,Owens,51
gfernandez@topicstorm.info,Gerald,Fernandez,52
ssimpson@cogibox.net,Susan,Simpson,53
pwagner@riffwire.com,Pamela,Wagner,54
bhenry@aimbo.org,Bonnie,Henry,55
jnguyen@dynava.gov,Janet,Nguyen,56
dferguson@trudeo.edu,Daniel,Ferguson,57
jmarshall@thoughtbeat.info,Jane,Marshall,58
awatson@innoz.net,Antonio,Watson,59
lgarza@skidoo.org,Larry,Garza,60
ewood@rhyloo.mil,Edward,Wood,61
sellis@kamba.info,Stephen,Ellis,62
fblack@latz.gov,Frank,Black,63
jwarren@eabox.biz,Jane,Warren,64
pmorales@skaboo.info,Paula,Morales,65
mhayes@topiclounge.info,Mark,Hayes,66
twarren@wordify.info,Terry,Warren,67
dwells@kazu.gov,Debra,Wells,68
mfrazier@oozz.gov,Martin,Frazier,69
bkelley@realpoint.info,Betty,Kelley,70
mbowman@linklinks.mil,Martha,Bowman,71
dflores@flashpoint.net,Deborah,Flores,72
mrice@fivebridge.biz,Melissa,Rice,73
jwatkins@eabox.org,Jesse,Watkins,74
jfox@yozio.info,Johnny,Fox,75
bjohnston@rhynyx.net,Beverly,Johnston,76
ktorres@voonder.name,Kenneth,Torres,77
jmarshall@oodoo.net,Johnny,Marshall,78
lpeters@fatz.gov,Laura,Peters,79
aperez@blogtags.net,Angela,Perez,80
aberry@photobean.biz,Aaron,Berry,81
jjames@twitternation.mil,Jane,James,82
llarson@roombo.edu,Laura,Larson,83
charrison@babbleblab.biz,Christine,Harrison,84
brodriguez@talane.com,Benjamin,Rodriguez,85
rmatthews@yakitri.org,Roger,Matthews,86
sspencer@tagtune.gov,Sarah,Spencer,87
hwarren@wikizz.org,Helen,Warren,88
ahernandez@oyoba.com,Ashley,Hernandez,89
drichardson@twimm.biz,Denise,Richardson,90
jgordon@zoomcast.com,Jennifer,Gordon,91
rharrison@rooxo.org,Rebecca,Harrison,92
ewheeler@kayveo.edu,Evelyn,Wheeler,93
chawkins@voomm.org,Clarence,Hawkins,94
jgriffin@quatz.info,Joe,Griffin,95
pwarren@innoz.edu,Peter,Warren,96
jstevens@jabbersphere.com,Janice,Stevens,97
kclark@twimbo.com,Karen,Clark,98
rross@lajo.mil,Russell,Ross,99
gcrawford@mita.com,Gerald,Crawford,100
rperry@ntags.org,Rose,Perry,101
rfuller@katz.com,Roy,Fuller,102
lryan@twinte.gov,Larry,Ryan,103
along@babblestorm.mil,Anthony,Long,104
cburke@gabtype.edu,Charles,Burke,105
kcox@fadeo.name,Kathy,Cox,106
wdixon@gevee.edu,Wanda,Dixon,107
mcarroll@zoovu.net,Mildred,Carroll,108
mcook@voonder.biz,Mark,Cook,109
pmcdonald@photobug.edu,Paul,Mcdonald,110
ssanchez@brainlounge.gov,Stephen,Sanchez,111
erichards@tagfeed.net,Eugene,Richards,112
dpierce@wikibox.gov,Deborah,Pierce,113
nmitchell@podcat.mil,Nicholas,Mitchell,114
klee@voonyx.biz,Keith,Lee,115
jreed@ntags.name,Juan,Reed,116
mjames@oba.name,Mark,James,117
jcoleman@brainfire.name,Joyce,Coleman,118
kroberts@meeveo.mil,Keith,Roberts,119
hhughes@shufflester.org,Howard,Hughes,120
rgilbert@oodoo.edu,Raymond,Gilbert,121
awheeler@babbleopia.biz,Albert,Wheeler,122
ahayes@aimbo.net,Amy,Hayes,123
tporter@tagchat.mil,Theresa,Porter,124
dlawson@demivee.gov,David,Lawson,125
rmartinez@ooba.edu,Roger,Martinez,126
gnelson@lazzy.com,Gloria,Nelson,127
ccampbell@lajo.info,Clarence,Campbell,128
fspencer@edgetag.net,Frank,Spencer,129
ljohnston@thoughtmix.net,Lois,Johnston,130
fburns@kwideo.org,Fred,Burns,131
mwallace@brainverse.gov,Michael,Wallace,132
handrews@realbuzz.name,Henry,Andrews,133
anguyen@oloo.org,Adam,Nguyen,134
tpierce@avamba.com,Todd,Pierce,135
scoleman@lajo.com,Sarah,Coleman,136
amason@voonix.edu,Antonio,Mason,137
rpatterson@mydeo.org,Robert,Patterson,138
jramirez@jayo.gov,Jerry,Ramirez,139
rgonzalez@avavee.edu,Ruth,Gonzalez,140
awillis@fiveclub.name,Antonio,Willis,141
sduncan@rhycero.org,Samuel,Duncan,142
jray@twiyo.org,John,Ray,143
jelliott@linklinks.edu,Jimmy,Elliott,144
cstewart@flashset.org,Charles,Stewart,145
cgarrett@avavee.name,Catherine,Garrett,146
rcarroll@yombu.mil,Roger,Carroll,147
rmartin@chatterbridge.mil,Robin,Martin,148
jrogers@topdrive.info,Jeffrey,Rogers,149
jsnyder@realcube.gov,Joshua,Snyder,150
clong@dabfeed.net,Carl,Long,151
pwatkins@ntag.info,Phyllis,Watkins,152
trivera@demizz.edu,Thomas,Rivera,153
kwheeler@yozio.info,Kenneth,Wheeler,154
mbailey@centidel.edu,Martin,Bailey,155
enguyen@pixonyx.edu,Ernest,Nguyen,156
rcollins@nlounge.biz,Roger,Collins,157
iweaver@dabz.mil,Irene,Weaver,158
ahernandez@edgeclub.mil,Ann,Hernandez,159
jlittle@youtags.name,Janice,Little,160
pwilson@buzzshare.mil,Phillip,Wilson,161
rburke@tazzy.name,Richard,Burke,162
rjames@blogxs.biz,Rebecca,James,163
jrodriguez@skaboo.gov,Jimmy,Rodriguez,164
rmcdonald@yabox.org,Ronald,Mcdonald,165
bbryant@flashdog.biz,Betty,Bryant,166
sperkins@vimbo.mil,Stephanie,Perkins,167
lmendoza@trilith.info,Linda,Mendoza,168
mcrawford@oyoloo.biz,Maria,Crawford,169
rpeters@skinte.com,Rose,Peters,170
rhayes@yodoo.net,Randy,Hayes,171
jholmes@eazzy.net,Jennifer,Holmes,172
gfreeman@shuffletag.biz,Gary,Freeman,173
mcunningham@skippad.mil,Melissa,Cunningham,174
tfranklin@meembee.mil,Tina,Franklin,175
krobinson@oyondu.mil,Kimberly,Robinson,176
mfowler@voomm.edu,Melissa,Fowler,177
jbutler@twiyo.name,Julie,Butler,178
mfowler@camimbo.net,Michael,Fowler,179
malexander@browsebug.name,Matthew,Alexander,180
ahunt@jabbersphere.info,Ann,Hunt,181
dlarson@kayveo.com,Doris,Larson,182
sday@jabbercube.biz,Stephen,Day,183
agilbert@oyonder.edu,Alice,Gilbert,184
mgomez@skippad.info,Martha,Gomez,185
dferguson@eadel.name,Diana,Ferguson,186
shughes@devpulse.biz,Shirley,Hughes,187
karmstrong@meembee.edu,Katherine,Armstrong,188
bclark@edgewire.edu,Brenda,Clark,189
ccunningham@thoughtmix.gov,Chris,Cunningham,190
galexander@babbleopia.net,Gerald,Alexander,191
emiller@yodel.edu,Eugene,Miller,192
mgreene@jabberbean.org,Mark,Greene,193
barmstrong@mudo.org,Brian,Armstrong,194
jreed@meembee.info,Jack,Reed,195
jhansen@buzzster.edu,Justin,Hansen,196
jpayne@tagpad.com,Julia,Payne,197
ahawkins@zoomcast.org,Angela,Hawkins,198
jwheeler@yacero.org,Jesse,Wheeler,199
rfuller@shuffletag.org,Ruth,Fuller,200
cnichols@tambee.net,Cynthia,Nichols,201
lpeters@midel.mil,Larry,Peters,202
ljenkins@buzzbean.net,Lawrence,Jenkins,203
jyoung@rhyzio.edu,Judy,Young,204
cryan@wordify.mil,Carol,Ryan,205
sjacobs@yoveo.net,Samuel,Jacobs,206
twebb@mydo.name,Tina,Webb,207
fwest@brainlounge.gov,Frank,West,208
rhudson@yodoo.name,Robert,Hudson,209
mspencer@dabz.edu,Michael,Spencer,210
jbrown@latz.edu,Joseph,Brown,211
bruiz@babbleblab.org,Beverly,Ruiz,212
tgomez@zoomdog.com,Tammy,Gomez,213
nwoods@wikizz.com,Nicole,Woods,214
jhamilton@jetwire.name,Julie,Hamilton,215
dperez@devify.org,Dennis,Perez,216
cdaniels@feednation.gov,Christina,Daniels,217
agordon@fivechat.net,Angela,Gordon,218
dreed@realfire.gov,Dennis,Reed,219
aoliver@babbleblab.net,Amanda,Oliver,220
jhoward@cogibox.com,Jose,Howard,221
jwatson@topiczoom.biz,Joyce,Watson,222
pkelly@nlounge.gov,Phyllis,Kelly,223
cgreen@yambee.info,Christina,Green,224
rbailey@rhyloo.edu,Ronald,Bailey,225
jwagner@youfeed.name,Joshua,Wagner,226
jsullivan@feedspan.org,Joan,Sullivan,227
jschmidt@browsecat.mil,Jeffrey,Schmidt,228
rfrazier@blogxs.edu,Ralph,Frazier,229
fgonzalez@kwideo.mil,Frank,Gonzalez,230
wsanchez@zoonder.net,Wanda,Sanchez,231
jhall@rhynyx.gov,Jeffrey,Hall,232
epayne@jazzy.net,Emily,Payne,233
alane@flipopia.edu,Angela,Lane,234
sday@voonte.mil,Samuel,Day,235
kcox@vidoo.biz,Karen,Cox,236
rarnold@shuffledrive.name,Raymond,Arnold,237
wfreeman@npath.com,William,Freeman,238
eromero@quimm.mil,Edward,Romero,239
rhanson@thoughtstorm.name,Richard,Hanson,240
kdean@skynoodle.org,Kenneth,Dean,241
afisher@twitterlist.net,Annie,Fisher,242
sharper@skinte.name,Sharon,Harper,243
rlewis@mycat.mil,Roy,Lewis,244
hturner@janyx.org,Harry,Turner,245
jjenkins@kimia.mil,Jennifer,Jenkins,246
emorris@vidoo.edu,Elizabeth,Morris,247
rnelson@quire.com,Robin,Nelson,248
mweaver@jatri.info,Michael,Weaver,249
rriley@eire.net,Ralph,Riley,250
lgarcia@mydo.org,Laura,Garcia,251
psanchez@roombo.name,Paul,Sanchez,252
rpeters@lajo.name,Raymond,Peters,253
hrichardson@jayo.edu,Heather,Richardson,254
rfields@jaxnation.name,Ronald,Fields,255
mlawson@blogspan.info,Mildred,Lawson,256
rramirez@zoomlounge.org,Robert,Ramirez,257
amason@twitterwire.biz,Ashley,Mason,258
mkelley@devify.biz,Martin,Kelley,259
jbennett@twimm.gov,Jane,Bennett,260
fcruz@eamia.info,Frances,Cruz,261
jchavez@linkbridge.biz,Jack,Chavez,262
cgibson@mydo.name,Carl,Gibson,263
jstewart@brainfire.gov,Jerry,Stewart,264
erichardson@youspan.mil,Emily,Richardson,265
rjordan@thoughtbeat.net,Randy,Jordan,266
jpeters@camido.com,Julia,Peters,267
gfernandez@voonyx.biz,Gerald,Fernandez,268
jburns@yodo.org,Joshua,Burns,269
rdixon@npath.com,Rachel,Dixon,270
sowens@blogxs.org,Samuel,Owens,271
ariley@thoughtblab.edu,Angela,Riley,272
kgeorge@yakijo.com,Kathleen,George,273
jgibson@katz.org,Judy,Gibson,274
fgonzalez@buzzbean.mil,Fred,Gonzalez,275
wrichards@devpoint.biz,William,Richards,276
wcampbell@dabz.name,Walter,Campbell,277
esims@midel.edu,Ernest,Sims,278
jgomez@brightdog.com,Jason,Gomez,279
kgonzalez@shufflester.net,Kathy,Gonzalez,280
eduncan@fivespan.info,Emily,Duncan,281
ajones@oyoyo.edu,Angela,Jones,282
chayes@rhyzio.name,Charles,Hayes,283
jcunningham@vipe.info,Joshua,Cunningham,284
jford@skyvu.org,Jessica,Ford,285
kshaw@zoomcast.org,Keith,Shaw,286
gmedina@cogibox.edu,George,Medina,287
bwatson@dablist.gov,Bobby,Watson,288
adunn@babbleopia.biz,Aaron,Dunn,289
mwilliamson@quimba.biz,Michelle,Williamson,290
pellis@mynte.com,Pamela,Ellis,291
sbaker@quamba.mil,Samuel,Baker,292
mweaver@quire.biz,Mark,Weaver,293
lclark@eazzy.edu,Lawrence,Clark,294
mjohnston@buzzdog.biz,Martha,Johnston,295
ayoung@latz.edu,Alan,Young,296
mcox@kwinu.net,Martin,Cox,297
twarren@trunyx.mil,Theresa,Warren,298
jrice@zoonder.mil,Julie,Rice,299
nreid@tagchat.org,Nicholas,Reid,300
jlee@buzzdog.com,Johnny,Lee,301
kcoleman@buzzbean.mil,Kevin,Coleman,302
cwright@devcast.biz,Carlos,Wright,303
ecastillo@fivespan.com,Eric,Castillo,304
kdaniels@meetz.info,Kathy,Daniels,305
crobinson@jabbersphere.biz,Chris,Robinson,306
rmitchell@browsebug.edu,Robert,Mitchell,307
hwalker@myworks.org,Helen,Walker,308
salvarez@quatz.biz,Sharon,Alvarez,309
sreyes@skibox.info,Susan,Reyes,310
cjames@dynava.info,Christine,James,311
npeterson@brainverse.gov,Nicholas,Peterson,312
bowens@voolith.biz,Brian,Owens,313
rlawson@gabtype.edu,Roger,Lawson,314
gparker@blogtags.org,George,Parker,315
mduncan@lazz.edu,Michelle,Duncan,316
nstephens@devpoint.edu,Nicole,Stephens,317
bhanson@divape.net,Brenda,Hanson,318
cblack@quinu.mil,Charles,Black,319
pturner@thoughtbeat.name,Patrick,Turner,320
jjames@blogxs.org,Janice,James,321
frivera@yambee.mil,Fred,Rivera,322
hmendoza@browseblab.gov,Henry,Mendoza,323
tstephens@rhynyx.net,Theresa,Stephens,324
hhansen@trudoo.name,Harold,Hansen,325
mchapman@tekfly.name,Matthew,Chapman,326
sburns@reallinks.biz,Stephanie,Burns,327
wbrooks@gabvine.biz,Wanda,Brooks,328
jknight@fiveclub.name,Judith,Knight,329
sgarrett@devcast.com,Sean,Garrett,330
cwilliamson@feedmix.com,Chris,Williamson,331
smorales@twitterlist.org,Steve,Morales,332
lpierce@jayo.mil,Linda,Pierce,333
rknight@thoughtstorm.com,Ruth,Knight,334
ghudson@rhyzio.net,Gregory,Hudson,335
krobinson@twiyo.net,Kenneth,Robinson,336
spatterson@riffpath.org,Samuel,Patterson,337
pgilbert@twitterwire.biz,Patrick,Gilbert,338
bwest@fliptune.biz,Brian,West,339
erice@edgeify.gov,Edward,Rice,340
mcollins@riffpath.biz,Matthew,Collins,341
jruiz@wordtune.com,Jeffrey,Ruiz,342
bbaker@twitterlist.com,Betty,Baker,343
sjones@ntag.biz,Samuel,Jones,344
aray@tagfeed.edu,Alan,Ray,345
jdavis@livepath.info,Jeremy,Davis,346
pthomas@voonder.name,Peter,Thomas,347
jgomez@quire.name,Jason,Gomez,348
rwood@brainverse.info,Ronald,Wood,349
dreynolds@meevee.info,Daniel,Reynolds,350
radams@quatz.gov,Rachel,Adams,351
cwillis@devify.biz,Carl,Willis,352
mgreen@meezzy.mil,Martha,Green,353
jsanchez@trilith.gov,Johnny,Sanchez,354
coliver@aimbu.edu,Christopher,Oliver,355
tfowler@plajo.org,Teresa,Fowler,356
dlong@babbleblab.biz,Douglas,Long,357
dcampbell@gigabox.name,Dennis,Campbell,358
nwarren@leexo.name,Nicole,Warren,359
rpierce@skynoodle.net,Rebecca,Pierce,360
ajohnston@photolist.edu,Angela,Johnston,361
kpierce@devpoint.info,Katherine,Pierce,362
tmedina@rhynyx.info,Tammy,Medina,363
tburke@zoonoodle.org,Terry,Burke,364
cfields@ozu.name,Craig,Fields,365
sdixon@topicshots.com,Shawn,Dixon,366
pmitchell@photobug.edu,Phillip,Mitchell,367
jgonzalez@kamba.name,Jennifer,Gonzalez,368
kreynolds@agivu.mil,Kevin,Reynolds,369
awheeler@kanoodle.net,Aaron,Wheeler,370
bknight@dabjam.gov,Billy,Knight,371
aharris@jetpulse.biz,Angela,Harris,372
jferguson@buzzster.name,Jerry,Ferguson,373
pnguyen@kazio.edu,Philip,Nguyen,374
framirez@trupe.edu,Fred,Ramirez,375
sdaniels@voonix.net,Sandra,Daniels,376
pgordon@yozio.name,Patrick,Gordon,377
tdaniels@voolith.biz,Teresa,Daniels,378
ccarter@skiba.org,Charles,Carter,379
awilson@rhycero.edu,Alice,Wilson,380
jthompson@thoughtstorm.name,Jeffrey,Thompson,381
hmurray@quire.edu,Heather,Murray,382
ehayes@npath.info,Earl,Hayes,383
jholmes@blognation.mil,Jeremy,Holmes,384
mreid@browsezoom.gov,Mary,Reid,385
cgreen@katz.edu,Carl,Green,386
sgraham@devshare.gov,Shirley,Graham,387
kromero@oyonder.gov,Keith,Romero,388
pturner@buzzbean.edu,Paul,Turner,389
gtorres@quinu.name,Gloria,Torres,390
hhernandez@thoughtstorm.name,Henry,Hernandez,391
rwallace@voolia.net,Randy,Wallace,392
twalker@skivee.edu,Theresa,Walker,393
ebanks@avamm.edu,Earl,Banks,394
eperry@skyba.org,Eric,Perry,395
pdixon@layo.org,Phillip,Dixon,396
acarr@youbridge.net,Alice,Carr,397
acox@jabberstorm.com,Anthony,Cox,398
jkelly@flashdog.gov,Joe,Kelly,399
aking@photospace.info,Anne,King,400
phill@devshare.biz,Paula,Hill,401
jmontgomery@wordtune.gov,Jeremy,Montgomery,402
scrawford@feedbug.biz,Shirley,Crawford,403
cporter@agivu.mil,Christopher,Porter,404
ngreen@divape.info,Nicholas,Green,405
chawkins@oyoyo.net,Cheryl,Hawkins,406
crichardson@yodel.gov,Charles,Richardson,407
jpeters@riffpedia.net,Janet,Peters,408
rduncan@brightdog.mil,Russell,Duncan,409
drussell@tagchat.edu,Diana,Russell,410
pfreeman@linklinks.net,Phyllis,Freeman,411
kgray@meeveo.edu,Katherine,Gray,412
sdavis@oodoo.gov,Shirley,Davis,413
wgreene@divavu.org,Willie,Greene,414
jrussell@lazz.org,Joseph,Russell,415
shernandez@npath.info,Susan,Hernandez,416
jgrant@viva.mil,Jessica,Grant,417
jfowler@mynte.edu,Jerry,Fowler,418
mcruz@jaxnation.biz,Margaret,Cruz,419
pwheeler@wikibox.com,Peter,Wheeler,420
cpierce@photolist.com,Catherine,Pierce,421
bgutierrez@voonyx.net,Benjamin,Gutierrez,422
tparker@agivu.net,Timothy,Parker,423
cortiz@quaxo.edu,Carolyn,Ortiz,424
glittle@fivespan.name,Gloria,Little,425
ebutler@feedbug.edu,Eugene,Butler,426
rhayes@brainverse.net,Robin,Hayes,427
gpayne@twitterwire.name,Gregory,Payne,428
msanders@kwilith.com,Melissa,Sanders,429
jmoreno@photolist.edu,Janet,Moreno,430
rdunn@bubblemix.com,Raymond,Dunn,431
lberry@innojam.mil,Laura,Berry,432
spayne@mymm.net,Samuel,Payne,433
gmartinez@livepath.mil,Gary,Martinez,434
sbaker@fanoodle.com,Shirley,Baker,435
ashaw@babbleset.com,Anthony,Shaw,436
shayes@zava.biz,Samuel,Hayes,437
swarren@mydo.biz,Sandra,Warren,438
lfields@digitube.edu,Larry,Fields,439
jpalmer@skyble.gov,Joan,Palmer,440
msims@skyndu.edu,Mark,Sims,441
wolson@agimba.gov,Wanda,Olson,442
jmeyer@mita.com,Juan,Meyer,443
ajames@gigazoom.edu,Arthur,James,444
ecastillo@yodel.biz,Elizabeth,Castillo,445
mhansen@voonte.mil,Michael,Hansen,446
jbanks@browsetype.name,Justin,Banks,447
lcarter@tagcat.net,Laura,Carter,448
bhowell@mynte.biz,Bobby,Howell,449
khenderson@mydeo.mil,Karen,Henderson,450
aevans@demizz.net,Amanda,Evans,451
nrivera@fiveclub.biz,Nicholas,Rivera,452
hhenderson@topicstorm.com,Heather,Henderson,453
rperry@meejo.name,Randy,Perry,454
bbutler@topicblab.org,Bonnie,Butler,455
nhansen@jaxbean.name,Nancy,Hansen,456
btucker@fiveclub.info,Brandon,Tucker,457
bfowler@edgeify.org,Benjamin,Fowler,458
jweaver@photobug.name,Judith,Weaver,459
kduncan@plajo.com,Kenneth,Duncan,460
rgilbert@shufflester.mil,Rose,Gilbert,461
ehenderson@flashset.info,Eric,Henderson,462
jhanson@eare.name,Judy,Hanson,463
ghanson@feedspan.edu,Gloria,Hanson,464
jallen@tambee.mil,Jerry,Allen,465
bdunn@kwimbee.org,Barbara,Dunn,466
rlong@divape.net,Roger,Long,467
klee@gabcube.edu,Kimberly,Lee,468
wlarson@feedfire.net,Walter,Larson,469
karmstrong@yakitri.edu,Kathryn,Armstrong,470
hstephens@buzzbean.mil,Heather,Stephens,471
rsanders@lazzy.org,Roger,Sanders,472
jchapman@mynte.gov,Jonathan,Chapman,473
jgarcia@brainfire.net,Joyce,Garcia,474
arivera@mybuzz.net,Alice,Rivera,475
awilliams@myworks.biz,Aaron,Williams,476
mmartinez@blogtag.gov,Mildred,Martinez,477
mthomas@yakitri.gov,Melissa,Thomas,478
amurphy@wordpedia.com,Adam,Murphy,479
lmontgomery@quatz.info,Lawrence,Montgomery,480
crussell@zoomlounge.edu,Carl,Russell,481
pallen@twimbo.edu,Phillip,Allen,482
jdean@yambee.gov,Jimmy,Dean,483
agarrett@yakitri.name,Arthur,Garrett,484
aramos@photospace.gov,Anthony,Ramos,485
jperez@bluezoom.name,Juan,Perez,486
cwillis@gigaclub.info,Catherine,Willis,487
tchapman@youspan.com,Tina,Chapman,488
jflores@cogidoo.info,Janice,Flores,489
nray@tagcat.biz,Norma,Ray,490
prichardson@fanoodle.name,Paul,Richardson,491
brobinson@aibox.edu,Bobby,Robinson,492
hmurray@youspan.gov,Henry,Murray,493
hcooper@oba.gov,Harold,Cooper,494
iwagner@gabtype.name,Irene,Wagner,495
jsmith@centidel.net,Jerry,Smith,496
amurray@skimia.com,Alan,Murray,497
jcarroll@abata.gov,Joshua,Carroll,498
mhoward@vitz.org,Mark,Howard,499
jreynolds@jayo.name,James,Reynolds,500
